{
  "consent": {
    "authorization_failed_msg": "ការអនុញ្ញាតបានបរាជ័យ",
    "consent_request_rejected": "ការស្នើសុំការយល់ព្រម ត្រូវបានបដិសេធ",
    "consent_request_msg": "{{clientName}} កំពុងស្នើសុំសិទ្ធិចូលប្រើដូចខាងក្រោម៖",
    "transaction_timeout_msg": "សូមចាត់វិធានការសមស្របនៅក្នុង",
    "transaction_timeout": "ប្រតិបត្តិការបានអស់ពេលហើយ។ សូម​ព្យាយាម​ម្តង​ទៀត។",
    "authorize_scope": "អនុញ្ញាតវិសាលភាព",
    "essential_claims": "ការទាមទារសំខាន់ៗ",
    "voluntary_claims": "ការទាមទារដោយសេរី",
    "cancel": "បដិសេធ",
    "allow": "អនុញ្ញាត",
    "continue": "បន្ត",
    "resident-service": "សេវាស្នាក់នៅ",
    "name": "ឈ្មោះ​ពេញ",
    "given_name": "នាម",
    "middle_name": "ឈ្មោះកណ្តាល",
    "preferred_username": "ឈ្មោះគណនី",
    "picture": "រូបភាព",
    "gender": "ភេទ",
    "birthdate": "ថ្ងៃខែ​ឆ្នាំ​កំណើត",
    "locale": "ទីតាំង",
    "nickname": "ឈ្មោះហៅក្រៅ ",
    "family_name": "នាមត្រកូល",
    "zoneinfo": "ព័ត៌មានតំបន់",
    "updated_at": "បានធ្វើបច្ចុប្បន្នភាពនៅ",
    "address": "អាសយដ្ឋាន ",
    "email": "អ៊ីម៉ែល",
    "email_verified": "បានផ្ទៀងផ្ទាត់អ៊ីម៉ែល",
    "phone": "ទូរស័ព្ទ",
    "phone_number": "លេខ​ទូរសព្ទ​ដៃ",
    "phone_number_verified": "បានផ្ទៀងផ្ទាត់លេខទូរស័ព្ទ",
    "registration_type": "ប្រភេទចុះឈ្មោះ",
    "required": "ទាមទារ",
    "profile": "ប្រវត្តិរូប",
    "authorize_scope_tooltip": "អនុញ្ញាតឱ្យអ្នកផ្តល់សេវាចូលប្រើសេវាកម្មការពារទាំងនេះជំនួសអ្នក។",
    "essential_claims_tooltip": "ព័ត៌មានចាំបាច់សម្រាប់អ្នកប្រើប្រាស់ដែលតម្រូវដោយអ្នកផ្តល់សេវាកម្ម",
    "voluntary_claims_tooltip": "ព័ត៌មានបន្ថែមរបស់អ្នកប្រើប្រាស់ដែលអ្នករស់នៅអាចជ្រើសរើសដើម្បីចែករំលែកជាមួយអ្នកផ្តល់សេវាកម្ម",
    "logo_alt": "eSignet",
    "Manage-Identity-Data": "អនុញ្ញាតឱ្យចូលប្រើដើម្បីគ្រប់គ្រងទិន្នន័យអត្តសញ្ញាណ",
    "Manage-VID": "អនុញ្ញាតឱ្យចូលប្រើដើម្បីគ្រប់គ្រង លេខទូរសព្ទ",
    "Manage-Authentication": "អនុញ្ញាតឱ្យដំណើរការដើម្បីគ្រប់គ្រងការបញ្ជាក់អត្តសញ្ញាណ",
    "Manage-Service-Requests": "អនុញ្ញាតឱ្យចូលប្រើដើម្បីគ្រប់គ្រងសំណើសេវាកម្ម",
    "Manage-Credentials": "អនុញ្ញាតឱ្យចូលប្រើដើម្បីគ្រប់គ្រងព័ត៌មានសម្ងាត់",
    "individual_id": "ប្រើលេខទូរសព្ទក្នុងការចូល",
    "cancelpopup": {
      "confirm_header": "សូម​បញ្ជាក់",
      "confirm_text": "តើ​អ្នក​ប្រាកដ​ជា​ចង់​ឈប់​ដំណើរការ​ចូល​ឬ?",
      "stay_btn": "ស្នាក់នៅ",
      "discontinue_btn": "បញ្ឈប់"
    }
  },
  "l1Biometrics": {
    "scan_and_verify": "ស្កេន និងផ្ទៀងផ្ទាត់",
    "sign_in_with_biometric": "ចូលប្រើតាមប្រព័ន្ធជីវមាត្រ",
    "retry": "ព្យាយាមម្ដងទៀត ",
    "vid_label_text": "បញ្ចូលលេខទូរសព្ទរបស់អ្នក",
    "vid_placeholder": "លេខទូរសព្ទ",
    "Face": "ផ្ទៃមុខ",
    "Finger": "ម្រាមដៃ",
    "Iris": "កែវភ្នែក",
    "select_a_device": "ជ្រើសរើសឧបករណ៍"
  },
  "pin": {
    "sign_in_with_pin": "ចូលដោយប្រើកូដ PIN",
    "remember_me": "ចងចាំខ្ញុំ",
    "login": "ចូលប្រើប្រាស់",
    "uin_label_text": "លេខទូរសព្ទ",
    "pin_label_text": "PIN",
    "uin_placeholder": "លេខទូរសព្ទ",
    "pin_placeholder": "បញ្ចូល PIN"
  },
  "password": {
    "sign_in_with_password": "ចូលប្រើតាមពាក្យសម្ងាត់",
    "remember_me": "ចងចាំខ្ញុំ",
    "login": "បន្ត",
    "uin_label_text": "បញ្ចូលលេខទូរសព្ទរបស់អ្នក",
    "password_label_text": "បញ្ចូល​ពាក្យ​សម្ងាត់",
    "uin_placeholder": "លេខទូរសព្ទ",
    "password_placeholder": "ពាក្យ​សម្ងាត់",
    "forgot_password": "ភ្លេច​លេខសំងាត់​?",
    "reset_password": "កំណត់ពាក្យសម្ងាត់ឡើងវិញ"
  },
  "Form": {
    "sign_in_with_details": "ចូលទៅកាន់គណនីរបស់អ្នកជាមួយព័ត៌មាន",
    "login": "ចូលគណនី",
    "policyNumber": "បញ្ចូលលេខកូដបញ្ជា",
    "fullName": "បញ្ចូលឈ្មោះពេញ",
    "dob": "បញ្ចូលថ្ងៃខែឆ្នាំកំណើត",
    "policyNumber_placeholder": "លេខកូដបញ្ជា",
    "fullName_placeholder": "ឈ្មោះពេញ",
    "dob_placeholder": "ថ្ងៃខែឆ្នាំកំណើត"
  },
  "LoginQRCode": {
    "scan_with_wallet": "ស្កេនដោយប្រើកម្មវិធី {{walletName}}ដើម្បីចូលប្រើប្រាស់",
    "dont_have_wallet": "មិនមាន {{walletName}}?",
    "download_now": "ទាញយកឥឡូវនេះ",
    "link_code_status": "ស្ថានភាពលេខកូដភ្ជាប់",
    "failed": "បរាជ័យ",
    "refresh": "ផ្ទុកកូដ QR ឡើងវិញ",
    "open_wallet_app": "បើក {{walletName}} កម្មវិធី"
  },
  "otp": {
    "sign_in_with_otp": "ចូលប្រើតាមលេខកូដផ្ទៀតផ្ទាត់",
    "resend_otp": "ផ្ញើលេខកូដសម្ងាត់ឡើងវិញ",
    "not_a_robot": "ខ្ញុំមិនមែនជាមនុស្សយន្តទេ",
    "get_otp": "ទទួលយកលេខសម្ងាត់P",
    "verify": "ផ្ទៀងផ្ទាត់",
    "vid_label_text": "បញ្ចូលលេខទូរសព្ទរបស់អ្នក",
    "otp_label_text": "លេខកូដសម្ងាត់(OTP)",
    "vid_placeholder": "លេខទូរសព្ទ",
    "otp_placeholder": "1234",
    "mobile_number": "លេខទូរសព្ទដៃ",
    "email_address": "​អាសយដ្ឋាន​អ៊ីម៉ែល",
    "otp_sent_msg": "លេខសម្ងាត់ត្រូវបានផ្ញើទៅកាន់ {{otpChannels}} ដែលអ្នកបានចុះឈ្មោះ",
    "resend_otp_counter": "ផ្ញើលេខសម្ងាត់ឡើងវិញ {{min}}:{{sec}}",
    "mobile_placeholder": "លេខទូរសព្ទដៃ៖ {{mobileNumber}}",
    "email_placeholder": "​អាសយដ្ឋាន​អ៊ីម៉ែល៖ {{emailAddress}}",
    "mobile_email_placeholder": "លេខទូរសព្ទដៃ៖ {{mobileNumber}} និង ​អាសយដ្ឋាន​អ៊ីម៉ែល៖ {{emailAddress}}"
  },
  "signInOption": {
    "login_option_heading": "ជ្រើសរើសរបៀបដែលអ្នកចង់ចូល៖",
    "login_with": "ចូលប្រើតាមរបៀប {{option}}",
    "PIN": "PIN",
    "Biometrics": "ជីវមាត្រ",
    "BIO": "ជីវមាត្រ",
    "QRCode": "QR Code",
    "OTP": "លេខសម្ងាត់",
    "PWD": "ពាក្យសម្ងាត់",
    "preferred_mode_of_login": "ជ្រើសរើសរបៀបដែលដែលអ្នកពេញចិត្ត",
    "more_ways_to_sign_in": "វិធីច្រើនទៀតដើម្បីចូល",
    "or": "ឬ",
    "sign_in_with": "ផ្ទៀង​ផ្ទាត់ដោយប្រើ {{idProviderName}}",
    "verify_using_national_id": "ផ្ទៀង​ផ្ទាត់ដោយប្រើអត្តសញ្ញាណប័ណ្ណ",
    "register": "ចុះឈ្មោះ"
  },
  "esignetDetails": {
    "esignet_details_heading": "APIs ល្បី",
    "internal_api": "API ខាងក្នុង",
    "wellknown_api": ".API ល្បី"
  },
  "header": {
    "login_heading": "ចូលដោយប្រើ eSignet",
    "login_subheading": "សូមបញ្ចូលឈ្មោះអ្នកប្រើប្រាស់ និងពាក្យសម្ងាត់ដែលបានចុះឈ្មោះរបស់អ្នក។",
    "login_linkName": "ចុះឈ្មោះជាមុន",
    "more_ways_to_sign_in": "វិធីច្រើនទៀតដើម្បីចូល",
    "invalid_auth_factor": "កត្តាផ្ទៀងផ្ទាត់មិនត្រឹមត្រូវ។ សូមព្យាយាមម្តងទៀត...",
    "download_now": "ទាញយកឥឡូវនេះ",
    "logo_alt": "eSignet",
    "backgroud_image_alt": "ចូលដោយប្រើ eSignet",
    "language": "ភាសា",
    "noAccount": "មិនមានគណនីមែនទេ?",
    "signup_for_unified_login": "ចុះឈ្មោះជាមួយប្រព័ន្ធចូលតែមួយ",
    "subheader_text": {
      "all_login_options": "សូមជ្រើសរើសជម្រើសចូល",
      "otp_login": "សូមបញ្ចូល VID របស់អ្នក។",
      "biometrics_login": "សូមបញ្ចូល VID របស់អ្នក ហើយផ្ទៀងផ្ទាត់ដោយប្រើឧបករណ៍ជីវមាត្រ",
      "pin_login": "សូមបញ្ចូល UIN/VID និង PIN របស់អ្នក។",
      "password_login": "សូមបញ្ចូលឈ្មោះអ្នកប្រើប្រាស់ និងពាក្យសម្ងាត់ដែលបានចុះឈ្មោះរបស់អ្នក។",
      "kba_login": "សូមបំពេញព័ត៌មានលម្អិតខាងក្រោម",
      "wallet_login": "សូមស្កេនលេខកូដ QR ខាងក្រោមដើម្បីចូល"
    }
  },
  "footer": {
    "powered_by": "ដំណើរការដោយ",
    "logo_alt": "ស្លាកសញ្ញាបាតកថា"
  },
  "tabs": {
    "pin_tab_name": "ចូលដោយប្រើកូដ PIN",
    "biometric_tab_name": "ចូលប្រើតាមជីវមាត្រ"
  },
  "loadingMsgs": {
    "redirecting_msg": "បញ្ជូនបន្ត។ សូមរង់ចាំ...",
    "link_auth_waiting": "សូមផ្ទៀងផ្ទាត់តាមរយៈ {{walletName}}។ សូមកុំផ្ទុកទំព័រនេះឡើងវិញ។",
    "authenticating_msg": "ការផ្ទៀងផ្ទាត់។ សូមរង់ចាំ...",
    "scanning_devices_msg": "ឧបករណ៍ស្កេន។ សូមរង់ចាំ...",
    "capture_initiated_msg": "{{modality}} ចាប់ផ្តើមនៅលើ {{deviceModel}}",
    "sending_otp_msg": "កំពុងផ្ញើលេខសម្ងាត់។ សូមរង់ចាំ...",
    "loading_msg": "កំពុងផ្ទុក។ សូមរង់ចាំ..."
  },
  "tooltips": {
    "vid_info": "សូមបំពេញក្នុងប្រអប់នេះ",
    "username_info": "បញ្ចូលលេខទូរសព្ទដែលបានចុះឈ្មោះ 8-9 ខ្ទង់របស់អ្នក ហើយត្រូវប្រាកដថាវាមិនចាប់ផ្តើមដោយ \"0\""
  },
  "errors": {
    "navigate_option": "សូមព្យាយាមរុករកដោយប្រើជម្រើសខាងក្រោម។",
    "page_not_exist": "អូ! ទំព័រដែលអ្នកកំពុងស្វែងរកមិនមានទេ។",
    "something_went_wrong": "មាន​អ្វីមួយ​មិន​ប្រក្រតី!",
    "experts_working": "អ្នកជំនាញរបស់យើងកំពុងខិតខំប្រឹងប្រែងដើម្បីធ្វើឱ្យអ្វីៗដំណើរការឡើងវិញ។",
    "username_not_valid": "បញ្ចូលឈ្មោះអ្នកប្រើប្រាស់ត្រឹមត្រូវ។",
    "password_not_valid": "បញ្ចូលពាក្យសម្ងាត់ត្រឹមត្រូវ។",
    "no_response_msg": "គ្មានការឆ្លើយតប",
    "no_devices_found_msg": "រកមិនឃើញឧបករណ៍។ សូមពិនិត្យមើលការតភ្ជាប់ ហើយព្យាយាមម្តងទៀត។",
    "link_code_status_failed": "បានបរាជ័យក្នុងការផ្ទុក",
    "authorization_failed": "មិនបានអនុញ្ញាត",
    "device_disc_failed": "ការរកឧបករណ៍បានបរាជ័យ",
    "device_not_found_msg": "រកមិនឃើញឧបករណ៍",
    "biometric_capture_failed_msg": "ការចាប់យកជីវមាត្របានបរាជ័យ",
    "authentication_failed_msg": "ការផ្ទៀងផ្ទាត់បានបរាជ័យ",
    "send_otp_failed_msg": "បរាជ័យក្នុងការផ្ញើលេខសម្ងាត់",
    "parsing_error_msg": "មិនអាចញែកបានទេ",
    "unauthorized_access": "ការចូលប្រើដោយគ្មានការអនុញ្ញាត",
    "Network Error": "ប្រព័ន្ធមានបញ្ហា",
    "invalid_request": "សំណើមិនត្រឹមត្រូវ",
    "invalid_client_id": "លេខសម្គាល់អតិថិជនមិនត្រឹមត្រូវ",
    "invalid_client_name": "ឈ្មោះអតិថិជនមិនត្រឹមត្រូវ",
    "invalid_uri": "តំណភ្ជាប់មិនត្រឹមត្រូវ",
    "invalid_rp_id": "អត្តសញ្ញាណមិនត្រឹមត្រូវ",
    "invalid_response_type": "ប្រភេទការឆ្លើយតបមិនត្រឹមត្រូវ/មិនគាំទ្រ",
    "invalid_grant_type": "ប្រភេទការអនុញ្ញាតមិនត្រឹមត្រូវ/មិនគាំទ្រ",
    "invalid_scope": "វិសាលភាពមិនត្រឹមត្រូវ/មិនគាំទ្រ",
    "invalid_redirect_uri": "តំណភ្ជាប់បញ្ជូនបន្តមិនត្រឹមត្រូវ",
    "invalid_display": "ការបង្ហាញមិនត្រឹមត្រូវ/មិនគាំទ្រ",
    "invalid_prompt": "ការស្នើរផ្ទៃអ្នកប្រើប្រាស់មិនត្រឹមត្រូវ/មិនគាំទ្រ",
    "invalid_assertion_type": "ប្រភេទការអះអាងអតិថិជនមិនត្រឹមត្រូវ/មិនគាំទ្រ",
    "invalid_client_auth": "ប្រភេទការផ្ទៀងផ្ទាត់អតិថិជនមិនត្រឹមត្រូវ/មិនគាំទ្រ",
    "invalid_transaction": "ប្រតិបត្តិការមិនត្រឹមត្រូវ ឬប្រតិបត្តិការផុតកំណត់",
    "invalid_assertion": "ការអះអាងរបស់អតិថិជនមិនត្រឹមត្រូវ",
    "invalid_acr": "ឯកសារយោងថ្នាក់បរិបទនៃការផ្ទៀងផ្ទាត់ភាពត្រឹមត្រូវ/មិនគាំទ្រ",
    "invalid_token": "និមិត្តសញ្ញាចូលប្រើមិនត្រឹមត្រូវ/ផុតកំណត់",
    "auth_passed": "ការផ្ទៀងផ្ទាត់ភាពត្រឹមត្រូវ",
    "acr_amr_mapping_not_found": "រកមិនឃើញឯកសារផែនទី ACR-AMR",
    "no_acr_registered": "គ្មានការបញ្ជាក់ថ្នាក់បរិបទយោង (ACR) ដែលបានចុះឈ្មោះ",
    "invalid_algorithm": "ក្បួនដោះស្រាយហាសមិនត្រឹមត្រូវ/មិនគាំទ្រ",
    "unknown_error": "កំហុសមិនស្គាល់",
    "invalid_input": "ការបញ្ចូលមិនត្រឹមត្រូវ",
    "duplicate_client_id": "លេខសម្គាល់អតិថិជនស្ទួន",
    "invalid_claim": "ការទាមទាររបស់អ្នកប្រើប្រាស់មិនត្រឹមត្រូវ/មិនគាំទ្រ",
    "invalid_public_key": "សោសាធារណៈរបស់អតិថិជនមិនត្រឹមត្រូវ",
    "send_otp_failed": "ផ្ញើលេខសម្ងាត់បរាជ័យ។ លេខសម្គាល់បុគ្គលមិនពិត/មិនស្គាល់",
    "missing_header": "បាត់បឋមកថាជ",
    "invalid_permitted_scope": "ហួសដែនកំណត់ដែលបានអនុញ្ញាតឱ្យ",
    "invalid_identifier": "បានផ្ដល់ឱ្យនូវអត្តសញ្ញាណបុគ្គលមិនត្រឹមត្រូវ",
    "invalid_otp_channel": "ឆានែលលេខសម្ងាត់មិនត្រឹមត្រូវត្រូវបានផ្តល់។",
    "invalid_no_of_challenges": "ការបដិសេធការបញ្ជាក់អត្តសញ្ញាណ សូន្យឬគ្មាន មិនត្រូវបានអនុញ្ញាតទេ។",
    "invalid_transaction_id": "លេខ​សម្គាល់​ប្រតិ​ប​ត្ដិ​ការ សូន្យឬគ្មាន  មិនត្រូវបានអនុញ្ញាត។",
    "invalid_auth_factor_type": "ប្រភេទកត្តាផ្ទៀងផ្ទាត់ សូន្យឬគ្មាន  មិនត្រូវបានអនុញ្ញាតទេ។",
    "invalid_challenge": "ការផ្ទៀងផ្ទាត់ភាពត្រឹមត្រូវគឺត្រូវបានទាមទារ។",
    "invalid_status": "តម្លៃស្ថានភាពដែលមិនបានគាំទ្រត្រូវបានផ្តល់។",
    "invalid_accepted_claim": "ការទាមទាររបស់អ្នកប្រើប្រាស់មិនត្រឹមត្រូវត្រូវបានទទួលយក។",
    "invalid_auth_code": "លេខកូដអនុញ្ញាតមិនត្រឹមត្រូវត្រូវបានផ្តល់។",
    "auth_factor_mismatch": "កត្តាផ្ទៀងផ្ទាត់ដែលបានផ្តល់មិនត្រូវគ្នានឹងកត្តាផ្ទៀងផ្ទាត់ដែលបានដោះស្រាយ។",
    "unsupported_id_format": "ទម្រង់លេខសម្គាល់ដែលមិនគាំទ្រ។",
    "link_code_gen_failed": "ការ​បង្កើត​កូដ​តំណ​បាន​បរាជ័យ។ សូម​ព្យាយាម​ម្ដង​ទៀត។",
    "invalid_link_code": "លេខកូដតំណមិនត្រឹមត្រូវ",
    "transaction_not_found": "រកមិនឃើញប្រតិបត្តិការ។",
    "transaction_already_linked": "ប្រតិបត្តិការបានភ្ជាប់រួចហើយ។",
    "subscription_failed": "ការជាវប្រធានបទ Kafka បានបរាជ័យ។",
    "response_timeout": "ពេលវេលាឆ្លើយតបពន្យាពេល។",
    "invalid_state": "ប្រតិបត្តិការរកឃើញក្នុងស្ថានភាពមិនត្រឹមត្រូវ។",
    "authorization_failed_msg": "ការអនុញ្ញាតបានបរាជ័យ",
    "consent_request_rejected": "សំណើការយល់ព្រមត្រូវបានបដិសេធ",
    "invalid_bind_auth_factor_type": "ប្រភេទកត្តាផ្ទៀងផ្ទាត់ការចងមិនត្រឹមត្រូវ។",
    "json_processing_error": "កំហុសក្នុងដំណើរការ Json",
    "invalid_auth_challenge": "ការប្រជែងការផ្ទៀងផ្ទាត់មិនត្រឹមត្រូវ។",
    "invalid_wfa_token": "និមិត្តសញ្ញា WLA មិនត្រឹមត្រូវ។",
    "failed_to_create_jwe": "បរាជ័យក្នុងការអ៊ិនគ្រីបអត្តសញ្ញាណអ្នកប្រើប្រាស់កាបូប។",
    "no_unique_alias": "មិនអាចស្វែងរកគ្រាប់ចុចឃ្លាំងសម្ងាត់ដើម្បីធានាទិន្នន័យរសើបបានទេ។",
    "aes_cipher_failed": "ប្រតិបត្តិការគ្រីពតូទិន្នន័យរសើបបានបរាជ័យក្នុងឃ្លាំងសម្ងាត់។",
    "key_binding_failed": "ការចងគ្រាប់ចុចបានបរាជ័យ។",
    "binding_not_found": "រកមិនឃើញការចងសោ។",
    "unknown_wla_format": "មិនស្គាល់ទ្រង់ទ្រាយ WLA ។",
    "unbound_auth_factor": "សោមិនត្រូវបានចងភ្ជាប់ទៅនឹងកត្តាផ្ទៀងផ្ទាត់ដែលបានផ្តល់ឱ្យទេ។",
    "sha256_thumbprint_header_missing": "បាត់បឋមកថា x5t#S256 នៅក្នុងនិមិត្តសញ្ញា WLA ។",
    "invalid_challenge_format": "រកឃើញទម្រង់ប្រឈមការផ្ទៀងផ្ទាត់មិនត្រឹមត្រូវ។",
    "link_code_limit_reached": "ចំនួនលេខកូដតំណដែលបានអនុញ្ញាតក្នុងមួយប្រតិបត្តិការបានឈានដល់កម្រិតកំណត់។",
    "failed_to_generate_header_hash": "បានបរាជ័យក្នុងការបង្កើតតម្លៃបឋមកថា oauth-details-hash http",
    "invalid_individual_id": "លេខសម្គាល់បុគ្គលមិនត្រឹមត្រូវ",
    "invalid_pin": "ម្ជុលមិនត្រឹមត្រូវ",
    "invalid_email": "លេខសម្គាល់អ៊ីមែលមិនត្រឹមត្រូវ",
    "invalid_phone": "លេខទូរស័ព្ទមិនត្រឹមត្រូវ",
    "invalid_encoded_photo": "រូបថតដែលបានអ៊ិនកូដមិនត្រឹមត្រូវ",
    "invalid_postalcode": "លេខកូដប្រៃសណីយ៍មិនត្រឹមត្រូវ",
    "invalid_date_of_birth": "ថ្ងៃខែឆ្នាំកំណើតមិនត្រឹមត្រូវ",
    "invalid_fullname": "ឈ្មោះពេញមិនត្រឹមត្រូវ",
    "invalid_gender": "ភេទមិនត្រឹមត្រូវ",
    "invalid_street_address": "អាសយដ្ឋានផ្លូវមិនត្រឹមត្រូវ",
    "invalid_locality": "ទីតាំងមិនត្រឹមត្រូវ",
    "invalid_region": "តំបន់មិនត្រឹមត្រូវ",
    "invalid_country": "ប្រទេសមិនត្រឹមត្រូវ",
    "invalid_biometrics": "ជីវមាត្រមិនត្រឹមត្រូវ",
    "invalid_format": "ទម្រង់មិនត្រឹមត្រូវ",
    "invalid_version": "កំណែមិនត្រឹមត្រូវ",
    "invalid_value": "តម្លៃមិនត្រឹមត្រូវ",
    "invalid_language_code": "កូដភាសាមិនត្រឹមត្រូវ",
    "invalid_client_name_value": "តម្លៃឈ្មោះអតិថិជនមិនត្រឹមត្រូវ",
    "duplicate_individual_id": "លេខសម្គាល់បុគ្គលមានរួចហើយ។",
    "password_error_msg": "ពាក្យសម្ងាត់មិនត្រឹមត្រូវ",
    "data_exchange_failed": "ការផ្លាស់ប្តូរទិន្នន័យ KYC បានបរាជ័យ។",
    "kyc_signing_certificate_failed": "បរាជ័យក្នុងការទទួលបានវិញ្ញាបនបត្រចុះហត្ថលេខា KYC (ប្រព័ន្ធផ្ទៀងផ្ទាត់)",
    "binding_auth_failed": "ការផ្ទៀងផ្ទាត់ភាពត្រឹមត្រូវជាប់សោ (linked-wallet) បានបរាជ័យ។",
    "captcha_validator_not_found": "មិនអាចរកឃើញឧទាហរណ៍ validator captcha បាន សូមពិនិត្យមើល classspath។",
    "invalid_captcha": "បានរកឃើញ captcha មិនត្រឹមត្រូវ",
    "invalid_auth_factor_type_or_challenge_format": "ប្រភេទកត្តាផ្ទៀងផ្ទាត់មិនត្រឹមត្រូវ ឬទម្រង់បញ្ហាប្រឈម។",
    "invalid_auth_factor_type_format" : "ប្រភេទកត្តាផ្ទៀងផ្ទាត់មិនត្រឹមត្រូវ ឬទម្រង់បញ្ហាប្រឈម។",
    "invalid_challenge_length" : "ការ ប្រកួត ប្រជែង មិន ត្រឹម ត្រូវ ការ ដាក់ កំហិត ប្រវែង Min ឬ Max បាន រំលោភ បំពាន ។",
    "unsupported_pkce_challenge_method": "វិធីសាស្ត្រដោះដូរគន្លឹះដែលមិនបានគាំទ្រ។",
    "invalid_pkce_challenge": "បញ្ហា គន្លឹះ ភស្តុតាង មិន ត្រឹមត្រូវ",
    "invalid_pkce_code_verifier": "ការផ្ទៀងផ្ទាត់លេខកូដសោភ័ស្តុតាងមិនត្រឹមត្រូវ។",
    "pkce_failed": "ការដោះដូរការប្រជែងសោភ័ស្តុតាងបានបរាជ័យ។",
    "unsupported_credential_format": "ទម្រង់លិខិតសម្គាល់ដែលបានស្នើសុំមិនត្រូវបានគាំទ្រទេ។",
    "invalid_vc_format": "ទម្រង់ VC មិនត្រឹមត្រូវ",
    "invalid_proof": "ភ័ស្តុតាងមិនត្រឹមត្រូវត្រូវបានរកឃើញនៅក្នុងសំណើ។",
    "unsupported_proof_type": "ភ័ស្តុតាងក្នុងសំណើសុំបញ្ជាក់អត្តសញ្ញាណគឺជាមួយនឹងប្រភេទដែលមិនគាំទ្រ។",
    "unsupported_credential_type": "ប្រភេទលិខិតសម្គាល់ដែលបានស្នើសុំមិនត្រូវបានគាំទ្រទេ។",
    "vc_issuance_failed": "ការចេញ VC បានបរាជ័យ។",
    "proof_header_invalid_typ": "តម្លៃមិនត្រឹមត្រូវក្នុងការទាមទារការវាយបឋមកថាភស្តុតាង។",
    "proof_header_invalid_alg": "តម្លៃមិនត្រឹមត្រូវក្នុងការទាមទារបឋមកថាភស្តុតាង។",
    "proof_header_invalid_key": "តម្លៃមិនត្រឹមត្រូវនៅក្នុងបឋមកថាភស្តុតាង jwk/kid ការទាមទារ",
    "proof_header_ambiguous_key": "តម្លៃមិនត្រឹមត្រូវក្នុងការទាមទារបឋមកថា jwk/kid មានតែមួយក្នុងចំណោមពួកវាប៉ុណ្ណោះដែលត្រូវបានអនុញ្ញាត។",
    "proof_invalid_iss": "តម្លៃមិនត្រឹមត្រូវនៅក្នុងបន្ទុកភស្តុតាងគឺជាការទាមទារ",
    "proof_invalid_aud": "តម្លៃមិនត្រឹមត្រូវនៅក្នុងភស្តុតាងនៃ ការទាមទារ",
    "proof_invalid_iat": "តម្លៃមិនត្រឹមត្រូវនៅក្នុងភស្តុតាងនៃការទាមទារបន្ទុកបន្ទុក។",
    "proof_invalid_nonce": "តម្លៃ មិនត្រឹមត្រូវក្នុងការផ្ទុកភស្តុតាងដែលមិនបានទាមទារ។",
    "invalid_state_response": "រដ្ឋមិនត្រឹមត្រូវ",
    "authCode_missing": "AuthCode បាត់",
    "failed_to_validate_captcha": "បរាជ័យក្នុងការធ្វើឱ្យ captcha មានសុពលភាព",
    "0": "ជោគជ័យ",
    "100": "ឧបករណ៍មិនបានចុះឈ្មោះ",
    "101": "មិនអាចផ្ទៀងផ្ទាត់ជីវមាត្រ",
    "102": "បញ្ហាបច្ចេកទេសកំឡុងពេលនៃការស្រង់យកទិន្នន័យចេញ",
    "103": "ឧបករណ៍មានភាពរអាក់រអួល",
    "104": "មិនអាចភ្ជាប់ទៅកាន់ប្រព័ន្ធគ្រប់គ្រង",
    "105": "មានបញ្ហាពេលដាក់បង្ហាញរូបភាព",
    "106": "រកមិនឃើញឧបករណ៍",
    "107": "សោសាធារណៈរបស់ឧបករណ៍បានផុតកំណត់",
    "108": "រកមិនឃើញសោសាធារណៈរបស់ដែនបានផុតកំណត់",
    "109": "លេខស្នើររបស់ជីវមាត្រមិនមានការគាំទ្រ",
    "IDA-MLC-002": "UIN មិនត្រឹមត្រូវ",
    "IDA-MLC-003": "UIN ត្រូវបានបិទដំណើរការ",
    "IDA-MLC-004": "លេខទូរសព្ទមិនត្រឹមត្រូវ",
    "IDA-MLC-005": "ID មិនត្រឹមត្រូវ",
    "IDA-MLC-014": "ប្រព័ន្ធជូនដំណឹងមិនទាន់បានចុះឈ្មោះ។ សូមទៅចុះឈ្មោះមុននឹងព្យាយាមម្តងទៀត។",
    "IDA-MLC-006": "មិនបានបញ្ចូលប៉ារ៉ាម៉ែត្រ",
    "IDA-MLC-007": "សំណើរមិនអាចដំណើរការ សូម​ព្យាយាម​ម្ដង​ទៀត។",
    "IDA-DEA-001": "ទម្រង់ប្រជាសាស្ត្រមិនត្រូវគ្នា",
    "IDA-MLC-001": "សំណើរនឹងត្រូវបានបញ្ជូនទៅកាន់ MOSIP ក្នុងពេល <x> hrs/min",
    "IDA-DEA-002": "កូដភាសាមិនត្រូវបានគាំទ្រ",
    "IDA-MLC-013": "រកមិនឃើញ attributes",
    "IDA-DEA-003": "ទិន្នន័យប្រជាសាស្ត្រមិនអាចរកបាន",
    "IDA-EKA-002": "ទ្រង់ទ្រាយ​បោះពុម្ពមិនត្រឹមត្រូវ។",
    "IDA-MPA-013": "ដៃគូមិនមានសិទ្ធិប្រប្រាស់ eKYC",
    "IDA-MPA-001": "ការផ្ទៀងផ្ទាត់ហត្ថាលេខាឌីជីថលបានបរាជ័យ",
    "IDA-MPA-002": "វិញ្ញាបនប័ត្រនៅក្នុងហត្ថាលេខាឌីជីថលមិនត្រឹមត្រូវ",
    "IDA-MPA-003": "មិនអាចបម្លែងសំណើរ",
    "IDA-MLC-009": "ប៉ារ៉ាម៉ែត្រដែលបានបញ្ចូលមិនត្រឹមត្រូវ",
    "IDA-MLC-008": "មិនមានប្រភេទនៃការផ្ទៀងផ្ទាត់ណាមួយត្រូវបានជ្រើសរើស។",
    "IDA-MLC-010": "លេខទូរសព្ទត្រូវបានបិទដំណើរការ។",
    "IDA-MLC-011": "ប្រភេទនៃការផ្ទៀតផ្តាត់មិនត្រូវបានគាំទ្រ",
    "IDA-MPA-004": "សោសាធារណៈរបស់ MOSIO បានផុតកំណត់",
    "IDA-MPA-005": "ការស្នើសុំការប្រើប្រាស់លេខកូដសម្ងាត់(OTP) មិនត្រួវបានអនុញ្ញាត",
    "IDA-MPA-006": "ប្រភេទកត្តាផ្ទៀងផ្ទាត់មិនត្រូវបានអនុញ្ញាត",
    "IDA-MPA-007": "លេខអាជ្ញាបណ្ណមិនត្រូវជាមួយ MISP ដែលបានចុះឈ្មោះណាមួយទេ។",
    "IDA-MPA-008": "លេខអាជ្ញាបណ្ណ MISP ផុតកំណត់",
    "IDA-MPA-009": "ដៃគូមិនត្រូវបានចុះឈ្មោះ",
    "IDA-MPA-010": "MISP និងដៃគូមិនត្រូវបានគូសផែនទី",
    "IDA-MPA-011": "សោអាជ្ញាប័ណ្ណរបស់ MISP ត្រូវបានផ្អាក",
    "IDA-MPA-012": "ដៃគូត្រូវបានបិទដំណើរការ",
    "IDA-MLC-012": "ការយល់ព្រមពីបុគ្គលមិនមានទេ",
    "IDA-MPA-014": "ដៃគូមិនត្រូវបានចាត់ចែងជាមួយគោលការណ៍ណាមួយទេ",
    "IDA-MPA-015": "ការផ្ទៀងផ្ទាត់ជាកាតព្វកិច្ចតាមគោលការណ៍មិនត្រូវបានអនុវត្ត",
    "IDA-MPA-016": "សុពលភាព HMAC បានបរាជ័យ",
    "IDA-MPA-017": "សោអាជ្ញាប័ណ្ណរបស់ MISP ត្រូវបានរារាំង",
    "IDA-MLC-015": "ប្រភេទអត្តសញ្ញាណមិនត្រូវបានគាំទ្រ",
    "IDA-MLC-016": "ប៉ារ៉ាម៉ែត្រលេខសម្គាល់ប្រតិបត្តិការក្នុងសំណើមិនត្រូវគ្នា",
    "IDA-EKA-001": "មិនអាចអ៊ិនគ្រីបការឆ្លើយតប eKYC",
    "IDA-MLC-017": "លេខសម្គាល់អ្នកប្រើប្រាស់មិនត្រឹមត្រូវ",
    "IDA-MLC-019": "ទម្រង់ការផ្ទៀងផ្ទាត់ត្រូវបានចាក់សោ",
    "IDA-MLC-020": "មិនអាចអ៊ិនគ្រីបទិន្នន័យបានទេ",
    "IDA-DPM-001": "ឧបករណ៍មិនត្រូវបានចុះឈ្មោះជាមួយ MOSIP",
    "IDA-DPM-002": "MDS មិនត្រូវបានចុះឈ្មោះជាមួយ MOSIP",
    "IDA-DPM-003": "អ្នកផ្តល់ឧបករណ៍មិនត្រូវបានចុះឈ្មោះជាមួយ MOSIP",
    "IDA-MPA-018": "លេខសម្គាល់គោលនយោបាយមិនមែនជារបស់ដៃគូដែលបានចុះឈ្មោះទេ",
    "IDA-MLC-021": "មិនអាចទៅយកសោពី HSM",
    "IDA-MLC-022": "UIN ត្រូវបានបិទ/ទប់ស្កាត់",
    "IDA-MLC-023": "លេខទូរសព្ទត្រូវបានផុតកំណត់/បិទដំណើរការ",
    "IDA-DPM-004": "ប្រភេទឧបករណ៍ និងប្រភេទជីវមាត្រមិនត្រូវគ្នា",
    "IDA-MLC-024": "ដែននៃសំណើមិនត្រូវគ្នានឹងដែននៃជីវមាត្រទេ",
    "IDA-MLC-025": "វិញ្ញាបនប័ត្រដៃគូមិនមានទេ",
    "IDA-MPA-019": "គោលការណ៍ដៃគូមិនសកម្ម",
    "IDA-IDV-001": "ការបញ្ចូលទិន្នន័យមានសុពលភាព",
    "IDA-RST-001": "URI មិនគួរទទេ",
    "IDA-RST-002": "httpMethod គឺទទេ ឬមិនត្រឹមត្រូវ",
    "IDA-RST-003": "returnType គឺទទេ",
    "IDA-RST-004": "ឈ្មោះសេវាសម្រាកគឺទទេ ឬមិនត្រឹមត្រូវ",
    "IDA-RST-005": "អស់ពេលមិនត្រឹមត្រូវ",
    "IDA-RST-006": "4XX - កំហុសម៉ាស៊ីនភ្ញៀវបានកើតឡើង",
    "IDA-RST-007": "5XX - កំហុសម៉ាស៊ីនមេបានកើតឡើង",
    "IDA-RST-008": "ការភ្ជាប់បានអស់ពេល",
    "IDA-KBT-001": "រកមិនឃើញវិញ្ញាបនបត្រចងភ្ជាប់",
    "IDA-KBT-002": "និមិត្តសញ្ញាដែលបានចុះហត្ថលេខាដែលបានចេញនៅ (iat) គឺមិនស្ថិតក្នុងចន្លោះពេលដែលបានអនុញ្ញាតទេ។",
    "IDA-KBT-003": "កំហុសក្នុងការផ្ទៀងផ្ទាត់សញ្ញាសម្ងាត់ដែលបានចង។",
    "otp": {
      "IDA-OTA-001": "ទទួលបានសំណើលេខកូដសម្ងាត់(OTP) ច្រើនហួសពេល",
      "IDA-OTA-002": "មិនអាចបង្កើតនិងបញ្ជូនលេខកូដសម្ងាត់(OTP)",
      "IDA-OTA-003": "លេខកូដសម្ងាត់(OTP) បានផុតកំណត់",
      "IDA-OTA-004": "លេខកូដសម្ងាត់(OTP) មិនត្រឹមត្រូវ",
      "IDA-OTA-005": "លេខប្រតិបត្តិការ transactionID ដែលបានបញ្ចូលខុសពីលេខប្រតិបត្តិការ transactionID របស់សំណើរលេខកូដសម្ងាត់(OTP)",
      "IDA-OTA-006": "UIN បានបិទការបង្កើតលេខកូដសម្ងាត់(OTP) សូម​ព្យាយាម​ម្ដង​ទៀតនៅពេលក្រោយ។",
      "IDA-OTA-007": "UIN បានបិទការផ្ទៀងផ្ទាត់លេខកូដសម្ងាត់(OTP) ព្រោះមានការបញ្ជូលលេខមិនត្រឹមត្រូវច្រើនពេក",
      "IDA-OTA-008": "ឆានែលការជូនដំណឹងលេខកូដសម្ងាត់(OTP) មិនត្រូវបានផ្តល់ឱ្យ",
      "IDA-OTA-009": "ឆានែលការជូនដំណឹងមិនបានកំណត់រចនាសម្ព័ន្ធ",
      "IDA-OTA-010": "ប្រភេទអត្តសញ្ញាណបញ្ចូលមិនត្រូវគ្នានឹងប្រភេទអត្តសញ្ញាណនៃសំណើលេខកូដសម្ងាត់(OTP)",
      "IDA-OTA-011": "បញ្ចូលដៃគូ-ID មិនត្រូវគ្នានឹងដៃគូ-ID នៃសំណើលេខកូដសម្ងាត់(OTP)",
      "IDA-OTA-012": "សុពលភាព OTP មិនអាចត្រូវបានអនុវត្តប្រឆាំងនឹង Individual-ID នេះទេ។ បង្កើត OTP ជាមុនសិន",
      "send_otp_failed": "ផ្ញើលេខសម្ងាត់បរាជ័យ។ លេខសម្គាល់បុគ្គលមិនពិត/មិនស្គាល់",
      "send_otp_failed_msg": "បរាជ័យក្នុងការផ្ញើលេខសម្ងាត់",
      "invalid_otp_channel": "ឆានែលលេខសម្ងាត់មិនត្រឹមត្រូវត្រូវបានផ្តល់។",
      "auth_failed": "OTP មិនត្រឹមត្រូវ។ សូម​ព្យាយាម​ម្តង​ទៀត។",
      "IDA-MLC-018": "UIN/VID មិនទំនិរល្អ။ សូមបញ្ចូល UIN/VID ដែលត្រឹមត្រូវ។"
    },
    "biometrics": {
      "IDA-BIA-001": "ទិន្នន័យជីវមាត្រមិនត្រូវគ្នា",
      "IDA-BIA-002": "ម្រាមដៃស្ទួនគ្នាក្នុងសំណើរ",
      "IDA-BIA-003": "ចំនួន FMR មិនអាចលើសពី2",
      "IDA-BIA-004": "ឧបករណ៍មិនត្រូវបានចុះឈ្មោះជាមួយ MOSIP",
      "IDA-BIA-005": "អ្នកផ្គត់ផ្គង់ឧបករណ៍មិនបានចុះឈ្មោះជាមួយ MOSIP",
      "IDA-BIA-006": "ទិន្នន័យជីវមាត្រមិនអាចរកបាន",
      "IDA-BIA-007": "ប្រស្រីភ្នែកក្នុងសំណើរស្ទួនគ្នា",
      "IDA-BIA-008": "លេខ IIR មិនអាចលើសពី2",
      "IDA-BIA-009": "លេខ FID មិនគួរលើសពី1។",
      "IDA-BIA-010": "កំណត់ត្រា FMR តែមួយមានម្រាមដៃច្រើនជាងមួយ",
      "IDA-BIA-011": "ទិន្នន័យជីវមាត្រមិនត្រឹមត្រូវ",
      "IDA-BIA-013": "ចំនួន FMR មិនគួរលើសពី 10",
      "IDA-BIA-014": "ការ​ផ្ទៀងផ្ទាត់​ហាស​បាន​បរាជ័យ",
      "IDA-BIA-015": "ការបញ្ជាក់ហត្ថលេខាបានបរាជ័យ",
      "IDA-BIA-016": "មិនអាចអនុវត្តការត្រួតពិនិត្យគុណភាពបានទេ ដោយសារបញ្ហាបច្ចេកទេស",
      "IDA-BIA-017": "មិនអាចអនុវត្តការផ្គូផ្គងជីវមាត្របានដោយសារបញ្ហាបច្ចេកទេស",
      "IDA-BIA-018": "មិនអាចដំណើរការសំណើដោយសារបញ្ហាបច្ចេកទេស",
      "auth_failed": "មិនមានទិន្នន័យជីវមាត្រទេ។ សូម​ព្យាយាម​ម្តង​ទៀត។",
      "IDA-MLC-018": "UIN/VID មិនទំនិរល្អ။ សូមបញ្ចូល UIN/VID ដែលត្រឹមត្រូវ។"
    },
    "pin": {
      "invalid_pin": "ម្ជុលមិនត្រឹមត្រូវ",
      "auth_failed": "ម្ជុលមិនត្រឹមត្រូវ។ សូម​ព្យាយាម​ម្តង​ទៀត។",
      "IDA-MLC-018": "UIN/VID មិនទំនិរល្អ။ សូមបញ្ចូល UIN/VID ដែលត្រឹមត្រូវ។"
    },
    "wallet": {
      "failed_to_link": "បរាជ័យក្នុងការភ្ជាប់",
      "qr_code_expired": "QR Code ផុតកំណត់",
      "invalid_qrcode_config": "ការកំណត់រចនាសម្ព័ន្ធ QRCode មិនត្រឹមត្រូវ។ សូមរាយការណ៍ទៅអ្នកគ្រប់គ្រងគេហទំព័រ។",
      "link_code_refresh_failed": "បានបរាជ័យក្នុងការផ្ទុក",
      "auth_failed": "ការផ្ទៀងផ្ទាត់មូលដ្ឋានកាបូបបានបរាជ័យ។ សូម​ព្យាយាម​ម្តង​ទៀត។",
      "IDA-MLC-018": "UIN/VID មិនទំនិរល្អ။ សូមបញ្ចូល UIN/VID ដែលត្រឹមត្រូវ។"
    },
    "password": {
      "auth_failed": "ឈ្មោះអ្នកប្រើ ឬពាក្យសម្ងាត់មិនត្រឹមត្រូវ។ សូម​ព្យាយាម​ម្តង​ទៀត។",
      "password_error_msg": "ពាក្យសម្ងាត់មិនត្រឹមត្រូវ",
      "IDA-MLC-018": "ឈ្មោះ​អ្នក​ប្រើ​មិន​ត្រឹមត្រូវ។ សូម​បញ្ចូល​ឈ្មោះ​អ្នក​ប្រើ​ត្រឹមត្រូវ។",
      "IDA-PSD-001": "ឈ្មោះអ្នកប្រើ ឬពាក្យសម្ងាត់មិនត្រឹមត្រូវ។ សូម​ព្យាយាម​ម្តង​ទៀត។",
      "IDA-PSD-002": "ឈ្មោះអ្នកប្រើ ឬពាក្យសម្ងាត់មិនត្រឹមត្រូវ។ សូម​ព្យាយាម​ម្តង​ទៀត។"
    },
    "statusCodeHeader": {
      "400": "ការស្នើសុំមិនល្អ",
      "401": "មិនអនុញ្ញាតិសម្រាប់ប្រើប្រាស់",
      "402": "ត្រូវការការបង់ប្រាក់",
      "403": "បានហាមឃាត់",
      "404": "រកមិនឃើញទំព័រ",
      "405": "មិនអនុញ្ញាតិសម្រាប់ប្រើប្រាស់វិធីបញ្ជាក់",
      "406": "មិនអាចទទួលបានមាតិការដែលត្រូវបានផ្ទៀងផ្ទាត់",
      "407": "ត្រូវការការធ្វើអំពីភ្នាក់ងារ",
      "408": "សំរាមពេលសម្រាប់សំណើការស្នើសុំ",
      "409": "ការស្តាប់គ្នាមានបញ្ហា",
      "410": "បានលុបចោល",
      "411": "មិនអនុញ្ញាតិសម្រាប់ការស្នើសុំដែលត្រូវការការបញ្ជាក់ប្រវត្តិ",
      "412": "មិនអាចបំពេញកម្មវិធីដែលត្រូវបានបញ្ជាក់តាមការស្នើសុំដែលបានបញ្ជាក់",
      "413": "មិនអាចដំណើរការការស្នើសុំដែលមានទំហំធំបន្ថែមដែលមានសំណើច្រើនជាងអ្នកប្រើប្រាស់",
      "414": "មិនអាចដំណើរការសំណើច្រើនដែលមានប៉ន់ស្រទាប់ដែលមានការបញ្ជាក់ពីម៉ាស៊ីនមែនទេ",
      "415": "មិនអាចដំណើរការសំណើច្រើនដែលនិយាយអំពីប្រភេទប្រព័ន្ធមិនបានគាំទ្រ",
      "416": "មិនអាចបំពេញការស្តាងបានតាមចន្លោះដែលមានការបញ្ជាក់",
      "417": "ការស្តាងរបស់ករណីបានបរាជ័យ",
      "418": "ខ្លួនឯងជាផុតកំណត់",
      "421": "ការស្ទះមិញបានបរាជ័យ",
      "422": "សន្ទុះមិញមិនអាចធ្វើបាន",
      "423": "បានចាក់សោ",
      "424": "ការអាសន្នបានបរាជ័យ",
      "425": "ពេលវេលានេះមិនប្រើប្រាស់បាន",
      "426": "ត្រូវការការធ្វើឱ្យបានបង្កើតឡើងឡើយ",
      "428": "ត្រូវការការបញ្ជាក់ជាមុន",
      "429": "ការស្តាប់ច្រើនពេក",
      "431": "ចំណាត់ថ្នាក់បំផុតនៃកូដសហគ្រាសន៍សំខាន់ពេក",
      "451": "មិនអាចប្រើប្រាស់បានសម្រាប់មូលដ្ឋានប្រសាទ",
      "500": "កំហុសម៉ាស៊ីនបម្រើស៊ីវិលម៉ាស៊ីន",
      "501": "មិនបានអនុញ្ញាតិសម្រាប់ការដំណើរការ",
      "502": "កំហុសច្រើនក្នុងហាត់ប្រាណត់",
      "503": "មិនអាចប្រើប្រាស់បានប៉ុណ្ណោះ",
      "504": "កំហុសហាត់ប្រាណត់",
      "505": "កំហុសកំណែកម្មវិធីមិនបានគាំទ្រ",
      "506": "កំហុសក្នុងការសម្រេចសកម្ម",
      "507": "ការស្តាប់មិនគ្រប់គ្រាន់",
      "508": "បានរកឃើញករណីស្តាប់",
      "510": "មិនបានបន្ថែមមិនទាន់បានគាំទ្រ",
      "511": "ត្រូវការការជាមួយបណ្ដាញដែលត្រូវការការអនុញ្ញាតិការ"
    },
    "statusCodeSubHeader": {
      "400": "ម៉ាស៊ីន​មិន​អាច​ស្ទង់មើល​សំណើ​បែប​មិន​ត្រឹមត្រូវ​បាន​ពី​ការ​សម្រាប់​សុវត្ថិភាព​មិន​ត្រឹមត្រូវ",
      "401": "ម៉ាស៊ីន​ត្រូវ​ទាមទារ​ការ​ផ្ទៀងផ្ទាត់​អ្នក​ប្រើ",
      "402": "បង្កើត​សំណើ​មុនពេល​ប្រើ​សម្រាប់​ប្រើ​ប្រាស់​ប្រព័ន្ធបុណ្យ​ប្រាក់​ដែល​មាន​ការ​ប្រើ​ប្រាស់​នៅ​អនុប្រធានា",
      "403": "ការ​ព្រមាន! អតិថិជន​មិន​មាន​សិទ្ធិ​ចូល​ដើម្បី​ចូល​ដំណើរការ​ទិន្នន័យ",
      "404": "មិន​ឃើញ​ទំព័រ​ដែល​បាន​ស្វែងរក",
      "405": "មិន​អនុញ្ញាត​ឱ្យ​ប្រើ​វិធីសាស្រ្ត​ដែល​បាន​ស្វែងរក​ហើយ​មិន​អាច​ប្រើ​បាន",
      "406": "ម៉ាស៊ីន​រក​មិន​ឃើញ​មាតិកា​ណាមួយ​តាម​គន្លឹះ​ដែល​អ្នក​ប្រើ​បាន​ផ្ដល់",
      "407": "អ្នក​ប្រើ​ត្រូវ​បាន​ផ្តល់​ការ​ផ្ទៀងផ្ទាត់​ដោយ​កម្មវិធី​ប្រើប្រាស់",
      "408": "ម៉ាស៊ីន​មិន​ទទួល​បាន​សំណើ​ពេញ​ចិត្ត​ដែល​វាត្រូវ​រៀបចំ​ការ​ប្រគល់​សំណើរការ",
      "409": "សំណើ​មិន​អាច​បញ្ចប់​បាន​ដោយ​ការ​ស្ដារ​ការ​ដែល​មាន​លទ្ធផល​មុន​នេះ",
      "410": "ធនាគារ​បាន​បញ្ចប់​ការ​ស្វែងរក​ដោយ​ជោគជ័យ​ហើយ​លទ្ធផល​នេះ​គឺ​ជា​ស្ថានភាព​អចិន្ត្រៃយ៍",
      "411": "ម៉ាស៊ីន​មិន​ទាន់​បាន​ទទួល​យក​សំណើ​ដែល​ផ្ដល់​ដោយ​វាស់ជាទ្រង់​អត្ថបទ​ដូចគ្នា​ដើម្បី​កំណត់​ជាមួយ​វាស់​ដែលបាន​កំណត់​ជា​ប្រភេទ​មុន",
      "412": "ម៉ាស៊ីន​មិន​អាច​បញ្ជូន​ការ​សំណើ​បាន​ទេ​ព្រោះ​វាមិន​បាន​បំពេញ​លក្ខណៈ​បញ្ជាក់​មួយ​ឬ​ច្រើន​ដោយ​សំណើ​សុវត្ថិភាពដែល​បាន​បញ្ជាក់​នៅ​ក្នុង​ការ​សំណើ",
      "413": "ម៉ាស៊ីន​បដិសេធនិង​ហ្វេសប៊ុក​បាន​បដិសេធការ​សំណើ​ព្យាបាលសារពើភ័ណ្ឌ​ពី​ការ​បញ្ជាក់​សំណើ​ដែល​មិន​អាច​ដំណើរការ​បាន​ប្រព័ន្ធទេ",
      "414": "ម៉ាស៊ីន​បដិសេធកើតឡើងហេតុការសំណើរការគឺបដិសេធការសំណើប្រភេទនៃទំព័រសំណើរការធំជាងម៉ាស៊ីនបដិសេធនេះមិនចង់បំពេញឬបំពេលវា​អាចបកស្រាយបាន។",
      "415": "ម៉ាស៊ីន​បដិសេធកើតឡើង​ការ​ស្ដារ​សំណើរការ​ព្រមទាំង​បញ្ជាក់​ថា​វា​មិន​គាំទ្រ​ទ្រង់​អំពី​ទ្រង់​ទ្រង​ចំពោះ​ទិន្នន័យ​ដែល​បាន​ស្នើសុំ",
      "416": "ម៉ាស៊ីន​បដិសេធកើតឡើង​ការ​ស្ដារ​សំណើរការ​ព្រមទាំង​បញ្ជាក់​ថា​មិន​អាច​បំពេញ​ប្រដាប់​សំណើរការ​នៃ​ការ​ស្នើសុំ​មួយ​ចំនួន",
      "417": "ម៉ាស៊ីន​បដិសេធកើតឡើង​ការ​ស្ដារ​សំណើរការ​ព្រមទាំង​បញ្ជាក់​ថា​វា​មិន​អាច​បំពេញ​សំណើ​សុវត្ថិភាព​ប្រភេទ​របស់​សំណើ​សុវត្ថិភាព​បាន​ប្រព័ន្ធទេ",
      "418": "ម៉ាស៊ីន​បដិសេធកើតឡើង​បដិសេធការ​សំណើព្រមទាំង​ការ​ចុះកំរិត​បង្កើត​កាមេរអី",
      "421": "ការ​ស្នើសុំ​ជាមួយ​ម៉ាស៊ីន​ដែល​មិន​ត្រូវ​បាន​កំណត់​ជា​មួយ​ការ​បង្កើត​ចម្បង",
      "422": "ម៉ាស៊ីន​មិន​អាច​តាម​ដាន​សំណើបាន​ទេ​ដោយ​ជោគជ័យ​ព្រោះវា​មាន​កំណត់​មិន​ត្រឹម​ត្រូវ​ឡើយ",
      "423": "ការចូលដំណើរការទំនាក់ទំនងទៅធនធានសំណើរការកំពុងត្រូវបានចាក់សោរមិនអាចចូលបានទំនាក់ទំនងទេ។",
      "424": "ការស្នើសុំសំណើរការបានបរាជ័យដោយការបរាជ័យនៃសំណើរការមុន។",
      "425": "ម៉ាស៊ីនបដិសេធមិនចង់អាចដោះសោរការសំណើរការដែលអាចបានធ្វើឡើងវិញ។",
      "426": "ម៉ាស៊ីនបដិសេធមិនទទួលយកការសំណើរការដែលបានផ្តល់ឲ្យដោយប្រើប្រាស់បច្ចុប្បន្នបច្ចុប្បន្នបច្ចុប្បន្នបច្ចុប្បន្នបច្ចុប្បន្នបច្ចុប្បន្នបច្ចុប្បន្នបច្ចុប្បន្នបច្ចុប្បន្នបច្ចុប្បន្នបច្ចុប្បន្នបច្ចុប្បន្នបច្ចុប្បន្នបច្ចុប្បន្នបច្ចុប្បន្នបច្ចុប្បន្នបច្ចុប្បន្នបច្ចុប្បន្នបច្ចុប្បន្នបច្ចុប្បន្ន។",
      "428": "ម៉ាស៊ីនបដិសេធទាក់ទងការសំណើរការដែលត្រូវបានគ្រប់គ្រង។",
      "429": "អ្នកប្រើប្រាស់បានផ្ញើច្រើនសំណើរការជាពិបាកមួយ។",
      "431": "ម៉ាស៊ីនបម្រើមិនចង់ដោះសោរការសំណើរការដែលបានសាកសមជាពិតមែនទេពីជួរឈររបស់វាធំជាងតួនាទីដែលមាន។",
      "451": "អ្នកប្រើប្រាស់បានស្នើសុំធនធានមិនសំរាប់ធនធានដែលមិនត្រូវបានអនុវត្តមែនទេ។",
      "500": "ម៉ាស៊ីនបម្រើបានរកឃើញគ្មានវិធីដែលអាចដោះសោរការដែលវាមិនដឹងអំពីវាទេ។",
      "501": "ការស្នើសុំមិនអាចត្រូវបានដោះសោការសំណើរការដែលមិនត្រូវបានគាំទ្រដោយម៉ាស៊ីនបម្រើ។",
      "502": "ម៉ាស៊ីនបម្រើបានទទួលការឆ្លើយមិនត្រឹមត្រូវក្នុងពេលដែលវាកំពុងប្រើជាម៉ាស៊ីនបច្ចុប្បន្នដើម្បីដោះសោការឆ្លើយមកវិញ។",
      "503": "ម៉ាស៊ីនបម្រើនេះមិនមានកម្រិតពិសេសដើម្បីដោះសោការសំណើរការនៅពេលនេះទេ។",
      "504": "ម៉ាស៊ីនបម្រើដែលកំពុងប្រើជាម៉ាស៊ីនបច្ចុប្បន្នបានទទួលចម្លើយពេញមួយរយៈពេលដែលវាធ្វើតែមួយប្រភេទនៃកម្មវិធីបច្ចុប្បន",
      "505": "កំណែនៃ HTTP ដែលបានប្រើក្នុងការស្នើសុំមិនត្រូវបានគាំទ្រដោយម៉ាស៊ីនបម្រើ។",
      "506": "ម៉ាស៊ីនបម្រើមានកំហុសក្នុងការកំណត់ដៃផ្សេងទៀត៖ ធនធានជ្រើសរើសតែការបង្កើតធនធានដ៏ប្រសើរជាងតួនាទីដែលបានកំណត់ដើម្បីគ្រប់គ្រងការចង់សម្រេចការបញ្ជូនបានដោយស្មើទុកចុះសម្លេងដែលនឹងបញ្ចប់ការសំណើរការដោយជោគជ័យ។",
      "507": "មិនអាចអនុវត្តបានការដោះសោការប្រើប្រាស់លើធនធានបានព្យាយាមក្នុងករណីដែលម៉ាស៊ីនបម្រើមិនអាចរក្សាទុកការកំណត់ផ្សេងទៀតដែលត្រូវប្រើដើម្បីបញ្ចប់ការសំណើរការដោយជោគជ័យ។",
      "508": "ម៉ាស៊ីនបម្រើបានរកឃើញកំហុសមួយក្នុងពេលដែលវាដំណើរការការដែលមានបញ្ហាអនុគ្រោះគឺការដោះសោការសំណើរការដែលមិនអាចបញ្ជូនបានមកវិញបាន។",
      "510": "ត្រូវការបន្ថែមបន្ថែមទៀតដើម្បីឲ្យម៉ាស៊ីនបម្រើអាចបំពេញការសំណើរការបាន។",
      "511": "អតិថិជនត្រូវការការផ្ទៀងផ្ទាត់ដើម្បីបង្កើនការចូលដំណើរការបណ្ដាញ។"
    }
  }
}
